<?xml version="1.0" encoding="UTF-8" ?>
<!DOCTYPE configuration
        PUBLIC "-//mybatis.org//DTD Config 3.0//EN"
        "http://mybatis.org/dtd/mybatis-3-config.dtd">

<configuration>
    <typeAliases>
        <package name="com.studentWork.entity"/>
    </typeAliases>

    <settings>
        <setting name="lazyLoadingEnabled" value="true"/>
        <!-- 开启二级缓存 -->
        <setting name="cacheEnabled" value="true"/>
    </settings>
    <environments default="development">
        <environment id="development">
            <transactionManager type="JDBC"/>
            <dataSource type="POOLED">
                <property name="driver" value="com.mysql.cj.jdbc.Driver"/>
                <property name="url" value="jdbc:mysql://localhost:3306/test"/>
                <property name="username" value="root"/>
                <property name="password" value="1911"/>
            </dataSource>
        </environment>
    </environments>
    <mappers>
        <mapper resource="com/studentWork/mapper/CatalogMapper.xml"/>
    </mappers>
</configuration>