<?xml version="1.0" encoding="UTF-8" ?>
<!DOCTYPE mapper
        PUBLIC "-//mybatis.org//DTD Mapper 3.0//EN"
        "http://mybatis.org/dtd/mybatis-3-mapper.dtd">

<mapper namespace="com.studentWork.mapper.CatalogMapper">
    <select id="findAll" resultMap="findAll">
        select * from tb_catalog;
    </select>
    <resultMap id="findAll" type="Catalog">
<!--        <result property="catalog_id" column="catalog_id"/>-->
        <id property="catalog_id" column="catalog_id"/>
        <result property="catalog_name" column="catalog_name"/>
        <result property="catalog_number" column="catalog_number"/>
        <result property="catalog_state" column="catalog_state"/>
    </resultMap>
    <select id="selectCatalogById" resultMap="selectCatalogById">
        select * from tb_catalog where catalog_id = #{catalog_id};
    </select>
    <resultMap id="selectCatalogById" type="Catalog">
        <!--        <result property="catalog_id" column="catalog_id"/>-->
        <id property="catalog_id" column="catalog_id"/>
        <result property="catalog_name" column="catalog_name"/>
        <result property="catalog_number" column="catalog_number"/>
        <result property="catalog_state" column="catalog_state"/>
    </resultMap>
    <update id="updateCatalogByName">
        update tb_catalog set catalog_name = #{catalog_name},catalog_number = #{catalog_number},catalog_state = #{catalog_state} where catalog_name = #{catalog_name}
    </update>
    <delete id="deleteCatalogById">
        delete from tb_catalog where catalog_id = #{catalog_id}
    </delete>
    <insert id="insertCatalog">
        insert into tb_catalog(catalog_name, catalog_number, catalog_state) values(#{catalog_name},#{catalog_number},#{catalog_state})
    </insert>
<!--    <select id="selectCatalogByName" resultType="com.studentWork.entity.Catalog">-->
<!--        select * from tb_catalog where catalog_name = #{catalog_name}-->
<!--    </select>-->
</mapper>